x,y,w
0.0,0.0,0.0
0.05,0.0,0.0
0.1,0.0,0.0
0.153,0.0,0.0
0.204,0.0,0.0
0.257,0.0,0.0
0.31,0.0,0.0
0.364,0.0,0.0
0.419,0.0,0.0
0.474,0.0,0.0
0.524,0.0,0.0
0.578,0.0,0.0
0.628,0.0,0.0
0.678,0.0,0.0
0.733,0.0,0.0
0.783,0.0,0.0
0.838,0.0,0.0
0.888,0.0,0.0
0.943,0.0,0.0
0.993,0.0,0.0
1.048,0.0,0.0
1.098,0.0,0.0
1.153,0.0,0.0
1.203,0.0,0.0
1.258,0.0,0.0
1.308,0.0,0.0
1.358,0.0,0.0
1.413,0.0,0.0
1.463,0.0,0.0
1.518,-0.0,-0.009
1.568,-0.002,-0.053
1.618,-0.005,-0.101
1.668,-0.012,-0.148
1.722,-0.021,-0.173
1.776,-0.029,-0.139
1.826,-0.035,-0.091
1.876,-0.039,-0.044
1.926,-0.04,-0.019
1.976,-0.041,-0.044
2.026,-0.045,-0.091
2.08,-0.051,-0.143
2.13,-0.059,-0.189
2.179,-0.069,-0.199
2.228,-0.079,-0.184
2.282,-0.089,-0.184
2.336,-0.099,-0.184
2.39,-0.109,-0.184
2.444,-0.119,-0.184
2.498,-0.129,-0.184
2.552,-0.139,-0.159
2.602,-0.145,-0.126
2.656,-0.152,-0.125
2.706,-0.159,-0.125
2.756,-0.165,-0.125
2.81,-0.171,-0.109
2.86,-0.176,-0.077
2.91,-0.18,-0.076
2.96,-0.183,-0.076
3.01,-0.187,-0.076
3.064,-0.191,-0.076
3.114,-0.195,-0.076
3.164,-0.199,-0.072
3.214,-0.202,-0.033
3.264,-0.203,-0.017
3.314,-0.204,-0.017
3.369,-0.204,-0.017
3.419,-0.205,-0.017
3.469,-0.206,-0.011
3.519,-0.206,0.021
3.569,-0.205,0.023
3.619,-0.204,0.023
3.669,-0.202,0.023
3.719,-0.201,0.023
3.769,-0.2,0.023
3.819,-0.199,0.023
3.869,-0.198,0.023
3.919,-0.197,0.023
3.969,-0.196,0.023
4.019,-0.194,0.021
4.074,-0.194,-0.02
4.124,-0.196,-0.036
4.174,-0.198,-0.036
4.224,-0.199,-0.027
4.274,-0.2,0.017
4.324,-0.198,0.065
4.378,-0.193,0.117
4.428,-0.186,0.146
4.482,-0.178,0.146
4.532,-0.17,0.146
4.586,-0.162,0.146
4.636,-0.155,0.146
4.69,-0.147,0.146
4.74,-0.14,0.122
4.794,-0.134,0.097
4.844,-0.13,0.097
4.894,-0.125,0.097
4.944,-0.12,0.097
4.998,-0.115,0.097
5.048,-0.11,0.073
5.098,-0.107,0.048
5.148,-0.105,0.048
5.198,-0.103,0.048
5.248,-0.1,0.028
5.303,-0.1,-0.001
5.358,-0.1,-0.001
5.408,-0.1,-0.001
5.463,-0.1,-0.001
5.518,-0.1,-0.001
5.568,-0.101,-0.013
5.618,-0.102,-0.049
5.668,-0.105,-0.051
5.718,-0.107,-0.051
5.768,-0.11,-0.051
5.818,-0.112,-0.051
5.868,-0.115,-0.051
5.918,-0.117,-0.051
5.972,-0.12,-0.051
6.022,-0.123,-0.051
6.072,-0.125,-0.051
6.122,-0.128,-0.051
6.172,-0.13,-0.051
6.222,-0.133,-0.051
6.272,-0.135,-0.051
6.322,-0.138,-0.051
6.372,-0.141,-0.055
6.422,-0.144,-0.091
6.472,-0.149,-0.1
6.526,-0.154,-0.1
6.576,-0.159,-0.1
6.626,-0.164,-0.1
6.676,-0.169,-0.1
6.73,-0.175,-0.1
6.78,-0.18,-0.1
6.83,-0.185,-0.1
6.88,-0.19,-0.1
6.934,-0.195,-0.1
6.984,-0.2,-0.1
7.034,-0.205,-0.1
7.084,-0.21,-0.1
7.138,-0.216,-0.1
7.188,-0.221,-0.1
7.238,-0.226,-0.1
7.292,-0.231,-0.1
7.342,-0.236,-0.1
7.392,-0.241,-0.1
7.442,-0.246,-0.1
7.496,-0.252,-0.1
7.546,-0.257,-0.1
7.596,-0.262,-0.1
7.646,-0.267,-0.1
7.7,-0.272,-0.1
7.75,-0.277,-0.076
7.8,-0.28,-0.06
7.85,-0.283,-0.06
7.9,-0.286,-0.06
7.95,-0.289,-0.059
8.0,-0.292,-0.033
8.05,-0.293,-0.029
8.1,-0.294,-0.029
8.15,-0.296,-0.028
8.2,-0.297,0.005
8.25,-0.295,0.052
8.3,-0.292,0.068
8.354,-0.288,0.068
8.404,-0.285,0.068
8.454,-0.282,0.069
8.504,-0.277,0.102
8.554,-0.271,0.146
8.608,-0.263,0.155
8.662,-0.254,0.155
8.712,-0.246,0.164
8.766,-0.236,0.213
8.819,-0.223,0.265
8.867,-0.209,0.313
8.919,-0.191,0.365
8.97,-0.17,0.417
9.015,-0.148,0.465
9.064,-0.122,0.517
9.111,-0.094,0.569
9.156,-0.063,0.622
9.2,-0.03,0.671
9.243,0.005,0.68
9.286,0.039,0.68
9.328,0.074,0.68
9.371,0.109,0.7
9.412,0.145,0.752
9.448,0.18,0.799
9.482,0.217,0.847
9.517,0.259,0.899
9.547,0.299,0.947
9.576,0.34,0.994
9.604,0.387,1.046
9.628,0.431,1.094
9.65,0.476,1.141
9.67,0.522,1.189
9.689,0.573,1.241
9.704,0.621,1.289
9.718,0.674,1.341
9.728,0.723,1.388
9.737,0.777,1.439
9.743,0.827,1.451
9.749,0.877,1.451
9.756,0.931,1.451
9.761,0.981,1.451
9.768,1.035,1.451
9.774,1.085,1.466
9.779,1.135,1.475
9.783,1.185,1.475
9.789,1.239,1.475
9.794,1.289,1.475
9.798,1.339,1.475
9.803,1.389,1.475
9.808,1.443,1.475
9.813,1.493,1.475
9.818,1.543,1.491
9.821,1.593,1.523
9.823,1.643,1.524
9.825,1.693,1.524
9.828,1.743,1.524
9.83,1.793,1.524
9.832,1.843,1.524
9.834,1.893,1.54
9.835,1.943,1.579
9.834,1.993,1.583
9.834,2.043,1.583
9.833,2.093,1.583
9.832,2.147,1.583
9.832,2.197,1.583
9.831,2.247,1.583
9.831,2.297,1.583
9.83,2.347,1.583
9.829,2.397,1.583
9.829,2.447,1.583
9.828,2.497,1.583
9.827,2.547,1.583
9.827,2.602,1.583
9.826,2.652,1.583
9.825,2.707,1.583
9.825,2.757,1.583
9.824,2.807,1.583
9.824,2.857,1.583
9.823,2.907,1.583
9.822,2.957,1.583
9.822,3.007,1.583
9.821,3.057,1.583
9.821,3.107,1.583
9.82,3.157,1.583
9.819,3.207,1.583
9.819,3.257,1.583
9.818,3.307,1.583
9.817,3.357,1.583
9.817,3.412,1.583
9.816,3.462,1.583
9.815,3.517,1.583
9.815,3.567,1.583
9.814,3.617,1.583
9.814,3.672,1.583
9.813,3.722,1.583
9.812,3.772,1.583
9.812,3.822,1.583
9.811,3.872,1.583
9.81,3.922,1.583
9.81,3.977,1.583
9.809,4.027,1.583
9.809,4.082,1.583
9.808,4.132,1.583
9.807,4.182,1.583
9.807,4.237,1.583
9.806,4.287,1.583
9.805,4.337,1.583
9.805,4.392,1.583
9.804,4.442,1.583
9.803,4.492,1.583
9.803,4.547,1.583
9.802,4.597,1.583
9.801,4.652,1.583
9.801,4.707,1.583
9.8,4.757,1.583
9.8,4.807,1.583
9.799,4.857,1.583
9.798,4.907,1.583
9.798,4.962,1.583
9.797,5.012,1.583
9.796,5.062,1.583
9.796,5.117,1.583
9.795,5.167,1.583
9.794,5.217,1.583
9.794,5.267,1.583
9.793,5.317,1.583
9.793,5.372,1.583
9.792,5.422,1.583
9.791,5.472,1.583
9.791,5.527,1.583
9.79,5.577,1.583
9.789,5.627,1.583
9.789,5.682,1.583
9.788,5.732,1.583
9.787,5.787,1.583
9.787,5.842,1.583
9.786,5.892,1.583
9.785,5.947,1.583
9.785,6.002,1.583
9.784,6.052,1.583
9.784,6.102,1.583
9.783,6.152,1.583
9.782,6.202,1.583
9.782,6.257,1.583
9.781,6.307,1.583
9.781,6.362,1.55
9.783,6.412,1.534
9.785,6.462,1.534
9.786,6.512,1.534
9.788,6.562,1.534
9.79,6.612,1.534
9.792,6.662,1.534
9.794,6.712,1.534
9.796,6.762,1.534
9.797,6.812,1.534
9.799,6.862,1.538
9.8,6.912,1.577
9.799,6.962,1.625
9.795,7.012,1.673
9.788,7.066,1.714
9.781,7.116,1.716
9.773,7.17,1.716
9.765,7.22,1.716
9.757,7.274,1.716
9.749,7.328,1.716
9.742,7.378,1.716
9.734,7.432,1.716
9.727,7.482,1.716
9.719,7.536,1.716
9.712,7.586,1.716
9.704,7.64,1.716
9.696,7.69,1.728
9.686,7.744,1.779
9.674,7.797,1.831
9.658,7.85,1.883
9.64,7.902,1.936
9.619,7.953,1.988
9.595,8.002,2.04
9.569,8.051,2.092
9.541,8.098,2.145
9.512,8.139,2.192
9.482,8.179,2.24
9.447,8.221,2.292
9.413,8.258,2.339
9.374,8.296,2.392
9.337,8.33,2.421
9.299,8.363,2.421
9.258,8.399,2.421
9.22,8.432,2.446
9.177,8.466,2.496
9.137,8.496,2.508
9.096,8.525,2.508
9.056,8.555,2.517
9.011,8.586,2.566
8.968,8.612,2.614
8.924,8.636,2.661
8.879,8.658,2.709
8.829,8.68,2.761
8.777,8.699,2.813
8.725,8.715,2.866
8.676,8.728,2.913
8.627,8.738,2.961
8.573,8.746,3.013
8.523,8.752,3.05
8.469,8.757,3.052
8.419,8.761,3.052
8.369,8.766,3.052
8.319,8.77,3.068
8.269,8.773,3.107
8.219,8.774,3.111
8.169,8.776,3.111
8.119,8.777,3.111
8.069,8.779,3.111
8.019,8.78,3.111
7.969,8.782,3.119
7.919,8.782,-3.119
7.865,8.78,-3.095
7.815,8.777,-3.095
7.765,8.775,-3.095
7.715,8.773,-3.095
7.665,8.77,-3.095
7.615,8.768,-3.095
7.565,8.766,-3.095
7.515,8.763,-3.095
7.465,8.761,-3.095
7.415,8.759,-3.097
7.365,8.757,-3.132
7.31,8.757,3.139
7.255,8.757,3.139
7.2,8.757,3.139
7.15,8.758,3.139
7.1,8.758,3.139
7.045,8.758,3.139
6.99,8.758,3.139
6.935,8.758,3.139
6.88,8.758,3.139
6.825,8.758,3.139
6.77,8.759,3.139
6.715,8.759,3.139
6.66,8.759,3.139
6.605,8.759,3.139
6.555,8.759,3.139
6.5,8.759,3.139
6.445,8.759,3.139
6.395,8.759,3.139
6.345,8.76,3.139
6.29,8.76,3.139
6.235,8.76,3.139
6.185,8.76,3.139
6.13,8.76,3.139
6.075,8.76,3.139
6.02,8.76,3.139
5.965,8.76,3.139
5.915,8.761,3.139
5.86,8.761,3.139
5.81,8.761,3.139
5.755,8.761,3.139
5.7,8.761,3.139
5.645,8.761,3.139
5.59,8.761,3.139
5.54,8.762,3.139
5.485,8.762,3.139
5.435,8.762,3.139
5.38,8.762,3.139
5.325,8.762,3.139
5.27,8.762,3.139
5.215,8.762,3.139
5.16,8.762,3.139
5.11,8.763,3.139
5.06,8.763,3.139
5.005,8.763,3.139
4.95,8.763,3.139
4.895,8.763,3.139
4.84,8.763,3.139
4.785,8.763,3.139
4.735,8.764,3.139
4.685,8.764,3.139
4.63,8.764,3.139
4.575,8.764,3.139
4.52,8.764,3.139
4.465,8.764,3.139
4.41,8.764,3.139
4.355,8.764,3.139
4.305,8.765,3.139
4.25,8.765,3.139
4.195,8.765,3.139
4.145,8.765,3.139
4.09,8.765,3.139
4.035,8.765,3.139
3.985,8.765,3.139
3.93,8.765,3.139
3.88,8.766,3.139
3.825,8.766,3.139
3.775,8.766,3.139
3.72,8.766,3.139
3.67,8.766,3.139
3.615,8.766,3.139
3.565,8.766,3.139
3.51,8.767,3.139
3.455,8.767,3.139
3.405,8.767,3.139
3.35,8.767,3.139
3.3,8.767,3.139
3.245,8.767,3.139
3.195,8.767,3.139
3.14,8.767,3.139
3.09,8.768,3.139
3.035,8.768,3.139
2.985,8.768,3.139
2.93,8.768,3.139
2.88,8.768,3.139
2.825,8.768,3.139
2.775,8.768,3.139
2.72,8.768,3.139
2.67,8.769,3.139
2.615,8.769,3.139
2.565,8.769,3.139
2.51,8.769,3.139
2.455,8.769,3.139
2.405,8.769,3.139
2.35,8.769,3.139
2.3,8.769,3.139
2.25,8.77,3.139
2.195,8.77,3.139
2.14,8.77,3.139
2.09,8.77,3.139
2.035,8.77,3.139
1.985,8.77,3.139
1.935,8.77,3.139
1.885,8.77,3.139
1.835,8.771,3.139
1.785,8.771,3.139
1.73,8.771,3.139
1.68,8.771,3.139
1.63,8.771,3.139
1.578,8.771,3.139
1.524,8.771,3.139
1.471,8.772,3.139
1.416,8.772,3.139
1.362,8.772,3.139
1.312,8.772,3.139
1.258,8.772,3.139
1.208,8.772,3.139
1.153,8.772,3.139
1.098,8.772,3.139
1.043,8.773,3.139
0.988,8.773,3.139
0.933,8.773,3.139
0.878,8.773,3.139
0.827,8.773,3.139
0.775,8.773,3.139
0.722,8.773,3.139
0.668,8.773,3.139
0.615,8.774,3.139
0.561,8.774,3.139
0.506,8.774,3.139
0.452,8.774,3.139
0.398,8.774,3.139
0.343,8.774,3.139
0.289,8.774,3.139
0.235,8.775,3.139
0.18,8.775,3.139
0.125,8.775,3.139
0.075,8.775,3.139
0.023,8.775,3.139
-0.031,8.775,3.139
-0.087,8.775,3.139
-0.138,8.775,3.139
-0.191,8.776,3.139
-0.245,8.776,3.139
-0.299,8.776,3.139
-0.355,8.776,3.139
-0.41,8.776,3.139
-0.466,8.776,3.139
-0.522,8.776,3.139
-0.578,8.777,3.139
-0.634,8.777,3.139
-0.69,8.777,3.139
-0.746,8.777,3.139
-0.803,8.777,3.139
-0.859,8.777,3.139
-0.915,8.777,3.139
-0.972,8.778,3.139
-1.028,8.778,3.139
-1.084,8.778,3.139
-1.141,8.778,3.139
-1.197,8.778,3.139
-1.253,8.778,3.139
-1.31,8.778,3.139
-1.366,8.778,3.139
-1.422,8.779,3.139
-1.479,8.779,3.139
-1.535,8.779,3.139
-1.592,8.779,3.139
-1.648,8.779,3.139
-1.704,8.779,3.139
-1.761,8.779,3.139
-1.817,8.78,3.139
-1.873,8.78,3.139
-1.93,8.78,3.139
-1.986,8.78,3.139
-2.042,8.78,3.139
-2.099,8.78,3.139
-2.155,8.78,3.139
-2.212,8.781,3.139
-2.268,8.781,3.139
-2.324,8.781,3.139
-2.381,8.781,3.139
-2.437,8.781,3.139
-2.493,8.781,3.139
-2.55,8.781,3.139
-2.606,8.782,3.139
-2.663,8.782,3.139
-2.719,8.782,3.139
-2.775,8.782,3.139
-2.832,8.782,3.139
-2.888,8.782,3.139
-2.944,8.782,3.139
-3.001,8.782,3.139
-3.057,8.783,3.139
-3.113,8.783,3.139
-3.17,8.783,3.139
-3.226,8.783,3.139
-3.283,8.783,3.139
-3.339,8.783,3.139
-3.395,8.783,3.139
-3.452,8.784,3.139
-3.508,8.784,3.139
-3.564,8.784,3.139
-3.621,8.784,3.139
-3.677,8.784,3.139
-3.733,8.784,3.139
-3.79,8.784,3.139
-3.846,8.785,3.139
-3.903,8.785,3.139
-3.959,8.785,3.139
-4.015,8.785,3.139
-4.072,8.785,3.139
-4.128,8.785,3.139
-4.184,8.785,3.139
-4.241,8.786,3.139
-4.297,8.786,3.139
-4.354,8.786,3.139
-4.41,8.786,3.139
-4.466,8.786,3.139
-4.523,8.786,3.139
-4.579,8.786,3.139
-4.635,8.786,3.139
-4.692,8.787,3.139
-4.748,8.787,3.139
-4.804,8.787,3.139
-4.861,8.787,3.139
-4.917,8.787,3.139
-4.974,8.787,3.139
-5.03,8.787,3.139
-5.086,8.788,3.139
-5.143,8.788,3.139
-5.199,8.788,3.139
-5.255,8.788,3.139
-5.312,8.788,3.139
-5.368,8.788,3.139
-5.425,8.788,3.139
-5.481,8.789,3.139
-5.537,8.789,3.139
-5.594,8.789,3.139
-5.65,8.789,3.139
-5.706,8.789,3.139
-5.763,8.789,3.139
-5.819,8.789,3.139
-5.875,8.79,3.139
-5.932,8.79,3.139
-5.988,8.79,3.139
-6.045,8.79,3.139
-6.101,8.79,3.139
-6.157,8.79,3.139
-6.214,8.79,3.139
-6.27,8.791,3.139
-6.326,8.791,3.139
-6.383,8.791,3.139
-6.439,8.791,3.139
-6.496,8.791,3.139
-6.552,8.791,3.139
-6.608,8.791,3.139
-6.665,8.791,3.139
-6.721,8.792,3.139
-6.777,8.792,3.139
-6.834,8.792,3.139
-6.89,8.792,3.139
-6.946,8.792,3.139
-7.003,8.792,3.139
-7.059,8.792,3.139
-7.116,8.793,3.139
-7.172,8.793,3.139
-7.228,8.793,3.139
-7.285,8.793,3.139
-7.341,8.793,3.139
-7.397,8.793,3.139
-7.454,8.793,3.139
-7.51,8.794,3.139
-7.566,8.794,3.139
-7.623,8.794,3.139
-7.679,8.794,3.139
-7.736,8.794,3.139
-7.792,8.794,3.139
-7.848,8.794,3.139
-7.905,8.795,3.139
-7.961,8.795,3.139
-8.017,8.795,3.139
-8.074,8.795,3.139
-8.13,8.795,3.139
-8.187,8.795,3.139
-8.243,8.795,3.139
-8.299,8.795,3.139
-8.356,8.796,3.139
-8.412,8.796,3.139
-8.468,8.796,3.139
-8.525,8.796,3.139
-8.581,8.796,3.139
-8.637,8.796,3.139
-8.694,8.796,3.139
-8.75,8.797,3.139
-8.807,8.797,3.139
-8.863,8.797,3.139
-8.919,8.797,3.139
-8.976,8.797,3.139
-9.032,8.797,3.139
-9.088,8.797,3.139
-9.145,8.798,3.139
-9.201,8.798,3.139
-9.258,8.798,3.139
-9.314,8.798,3.139
-9.37,8.798,3.139
-9.427,8.798,3.139
-9.483,8.798,3.139
-9.539,8.799,3.139
-9.596,8.799,3.139
-9.652,8.799,3.139
-9.708,8.799,3.139
-9.765,8.799,3.139
-9.821,8.799,3.139
-9.878,8.799,3.139
-9.934,8.799,3.139
-9.99,8.8,3.139
-10.047,8.8,3.139
-10.103,8.8,3.139
-10.159,8.8,3.139
-10.216,8.8,3.139
-10.272,8.797,-3.125
-10.328,8.794,-3.116
-10.385,8.793,-3.116
-10.441,8.791,-3.116
-10.497,8.79,-3.116
-10.554,8.788,-3.116
-10.61,8.787,-3.116
-10.666,8.786,-3.116
-10.723,8.784,-3.116
-10.779,8.782,-3.114
-10.835,8.776,-3.083
-10.89,8.763,-3.032
-10.945,8.75,-2.998
-11.0,8.741,-2.994
-11.056,8.733,-2.994
-11.112,8.724,-2.994
-11.168,8.716,-2.994
-11.223,8.708,-2.994
-11.279,8.7,-2.994
-11.335,8.694,-3.015
-11.392,8.695,-3.058
-11.448,8.694,-3.072
-11.504,8.69,-3.072
-11.56,8.686,-3.072
-11.617,8.682,-3.072
-11.673,8.679,-3.076
-11.729,8.681,-3.112
-11.785,8.688,3.128
-11.841,8.691,3.119
-11.898,8.692,3.119
-11.954,8.694,3.119
-12.01,8.695,3.119
-12.067,8.696,3.119
-12.123,8.697,3.119
-12.18,8.699,3.119
-12.236,8.7,3.119
-12.292,8.701,3.119
-12.349,8.703,3.119
-12.405,8.704,3.119
-12.461,8.704,3.13
-12.517,8.697,-3.109
-12.572,8.685,-3.058
-12.627,8.671,-3.006
-12.681,8.654,-2.955
-12.734,8.636,-2.916
-12.789,8.621,-2.91
-12.843,8.608,-2.91
-12.898,8.596,-2.91
-12.953,8.58,-2.895
-13.004,8.559,-2.847
-13.055,8.533,-2.796
-13.104,8.505,-2.744
-13.151,8.475,-2.692
-13.197,8.442,-2.641
-13.241,8.407,-2.589
-13.283,8.37,-2.538
-13.324,8.33,-2.486
-13.362,8.289,-2.435
-13.398,8.245,-2.383
-13.433,8.202,-2.349
-13.472,8.161,-2.345
-13.512,8.121,-2.345
-13.551,8.08,-2.341
-13.585,8.036,-2.305
-13.615,7.988,-2.254
-13.643,7.939,-2.202
-13.668,7.888,-2.15
-13.69,7.836,-2.099
-13.71,7.784,-2.047
-13.727,7.73,-1.996
-13.741,7.675,-1.944
-13.752,7.62,-1.892
-13.761,7.564,-1.841
-13.766,7.508,-1.789
-13.771,7.452,-1.755
-13.781,7.397,-1.752
-13.791,7.341,-1.752
-13.801,7.286,-1.752
-13.811,7.23,-1.752
-13.821,7.175,-1.752
-13.831,7.119,-1.752
-13.841,7.064,-1.752
-13.852,7.008,-1.752
-13.862,6.953,-1.752
-13.872,6.898,-1.752
-13.882,6.842,-1.752
-13.892,6.787,-1.752
-13.901,6.731,-1.745
-13.904,6.675,-1.704
-13.904,6.618,-1.665
-13.908,6.562,-1.659
-13.913,6.506,-1.659
-13.917,6.45,-1.659
-13.922,6.394,-1.659
-13.926,6.337,-1.652
-13.924,6.281,-1.612
-13.917,6.225,-1.561
-13.911,6.169,-1.538
-13.909,6.113,-1.537
-13.907,6.057,-1.537
-13.905,6.0,-1.537
-13.903,5.944,-1.537
-13.902,5.888,-1.537
-13.9,5.831,-1.538
-13.901,5.775,-1.558
-13.908,5.719,-1.602
-13.913,5.663,-1.615
-13.916,5.607,-1.615
-13.918,5.55,-1.615
-13.921,5.494,-1.615
-13.922,5.438,-1.604
-13.916,5.382,-1.56
-13.906,5.326,-1.509
-13.896,5.271,-1.48
-13.891,5.215,-1.478
-13.885,5.158,-1.478
-13.88,5.102,-1.478
-13.875,5.046,-1.478
-13.87,4.99,-1.478
-13.865,4.934,-1.478
-13.859,4.878,-1.478
-13.854,4.822,-1.478
-13.849,4.766,-1.478
-13.844,4.709,-1.478
-13.839,4.653,-1.478
-13.833,4.597,-1.478
-13.828,4.541,-1.478
-13.823,4.485,-1.478
-13.818,4.429,-1.478
-13.813,4.373,-1.478
-13.807,4.317,-1.478
-13.802,4.26,-1.478
-13.797,4.204,-1.478
-13.792,4.148,-1.478
-13.787,4.092,-1.478
-13.781,4.036,-1.478
-13.776,3.98,-1.479
-13.775,3.923,-1.505
-13.78,3.867,-1.552
-13.784,3.811,-1.571
-13.784,3.755,-1.571
-13.784,3.698,-1.571
-13.784,3.642,-1.571
-13.784,3.586,-1.571
-13.784,3.529,-1.571
-13.784,3.473,-1.571
-13.784,3.416,-1.571
-13.784,3.36,-1.571
-13.784,3.304,-1.571
-13.784,3.247,-1.571
-13.784,3.191,-1.571
-13.784,3.135,-1.571
-13.784,3.078,-1.571
-13.784,3.022,-1.571
-13.784,2.966,-1.571
-13.784,2.909,-1.571
-13.784,2.853,-1.571
-13.784,2.796,-1.571
-13.784,2.74,-1.571
-13.784,2.684,-1.571
-13.784,2.627,-1.571
-13.784,2.571,-1.571
-13.784,2.515,-1.571
-13.784,2.458,-1.571
-13.784,2.402,-1.571
-13.784,2.345,-1.571
-13.784,2.289,-1.571
-13.784,2.233,-1.571
-13.784,2.176,-1.571
-13.784,2.12,-1.571
-13.784,2.064,-1.571
-13.784,2.007,-1.571
-13.784,1.951,-1.571
-13.784,1.895,-1.571
-13.784,1.838,-1.571
-13.784,1.782,-1.571
-13.784,1.725,-1.571
-13.784,1.669,-1.571
-13.784,1.613,-1.571
-13.784,1.556,-1.571
-13.784,1.5,-1.571
-13.784,1.444,-1.571
-13.784,1.387,-1.571
-13.784,1.331,-1.571
-13.784,1.275,-1.571
-13.784,1.218,-1.571
-13.784,1.162,-1.571
-13.784,1.105,-1.569
-13.778,1.049,-1.538
-13.767,0.994,-1.486
-13.753,0.94,-1.435
-13.736,0.886,-1.383
-13.716,0.833,-1.332
-13.693,0.781,-1.28
-13.669,0.731,-1.237
-13.649,0.678,-1.228
-13.63,0.625,-1.228
-13.611,0.572,-1.228
-13.592,0.519,-1.228
-13.573,0.466,-1.228
-13.554,0.413,-1.228
-13.535,0.36,-1.228
-13.513,0.308,-1.207
-13.485,0.259,-1.158
-13.454,0.212,-1.107
-13.42,0.167,-1.055
-13.384,0.123,-1.003
-13.346,0.081,-0.952
-13.306,0.042,-0.9
-13.264,0.004,-0.848
-13.22,-0.031,-0.797
-13.175,-0.064,-0.745
-13.127,-0.095,-0.694
-13.078,-0.123,-0.642
-13.028,-0.148,-0.59
-12.977,-0.171,-0.539
-12.924,-0.191,-0.487
-12.87,-0.209,-0.436
-12.816,-0.223,-0.384
-12.761,-0.235,-0.332
-12.705,-0.244,-0.281
-12.649,-0.25,-0.229
-12.593,-0.254,-0.178
-12.537,-0.254,-0.126
-12.48,-0.251,-0.074
-12.424,-0.246,-0.023
-12.368,-0.237,0.029
-12.313,-0.23,0.057
-12.256,-0.226,0.059
-12.2,-0.222,0.059
-12.144,-0.219,0.059
-12.088,-0.216,0.059
-12.031,-0.212,0.059
-11.975,-0.209,0.059
-11.919,-0.206,0.059
-11.863,-0.202,0.059
-11.806,-0.199,0.059
-11.75,-0.196,0.059
-11.694,-0.192,0.059
-11.637,-0.189,0.059
-11.581,-0.186,0.059
-11.525,-0.182,0.059
-11.469,-0.179,0.059
-11.412,-0.176,0.055
-11.356,-0.179,0.019
-11.3,-0.185,-0.015
-11.244,-0.187,-0.019
-11.187,-0.188,-0.019
-11.131,-0.189,-0.014
-11.075,-0.183,0.022
-11.02,-0.173,0.073
-10.964,-0.161,0.112
-10.909,-0.153,0.118
-10.853,-0.146,0.118
-10.797,-0.14,0.118
-10.741,-0.134,0.107
-10.684,-0.136,0.063
-10.628,-0.141,0.02
-10.572,-0.142,0.011
-10.515,-0.142,0.011
-10.459,-0.141,0.011
-10.403,-0.14,0.011
-10.346,-0.14,0.011
-10.29,-0.139,0.011
-10.234,-0.139,0.011
-10.177,-0.138,0.011
-10.121,-0.137,0.011
-10.065,-0.137,0.011
-10.008,-0.136,0.011
-9.952,-0.136,0.011
-9.895,-0.135,0.011
-9.839,-0.134,0.015
-9.783,-0.127,0.051
-9.728,-0.115,0.1
-9.673,-0.105,0.118
-9.617,-0.098,0.118
-9.561,-0.092,0.118
-9.505,-0.085,0.118
-9.449,-0.078,0.118
-9.393,-0.072,0.116
-9.336,-0.071,0.085
-9.28,-0.075,0.035
-9.224,-0.078,0.012
-9.168,-0.078,0.011
-9.111,-0.077,0.011
-9.055,-0.077,0.011
-8.999,-0.076,0.011
-8.942,-0.076,0.011
-8.886,-0.073,0.022
-8.83,-0.069,0.039
-8.773,-0.066,0.039
-8.717,-0.064,0.039
-8.661,-0.062,0.039
-8.604,-0.06,0.039
-8.548,-0.057,0.039
-8.492,-0.055,0.039
-8.435,-0.053,0.039
-8.379,-0.051,0.039
-8.323,-0.049,0.039
-8.266,-0.047,0.039
-8.21,-0.044,0.039
-8.154,-0.042,0.039
-8.097,-0.04,0.039
-8.041,-0.038,0.039
-7.985,-0.036,0.039
-7.929,-0.033,0.039
-7.872,-0.031,0.039
-7.816,-0.029,0.039
-7.76,-0.027,0.039
-7.71,-0.025,0.039
-7.657,-0.023,0.039
-7.606,-0.022,0.031
-7.555,-0.028,-0.011
-7.5,-0.034,-0.036
-7.449,-0.036,-0.036
-7.397,-0.038,-0.036
-7.343,-0.04,-0.036
-7.288,-0.042,-0.036
-7.233,-0.044,-0.036
-7.178,-0.046,-0.036
-7.122,-0.048,-0.036
-7.067,-0.05,-0.036
-7.011,-0.052,-0.036
-6.955,-0.054,-0.036
-6.898,-0.056,-0.036
-6.842,-0.058,-0.036
-6.786,-0.06,-0.036
-6.73,-0.062,-0.036
-6.673,-0.064,-0.036
-6.617,-0.066,-0.036
-6.561,-0.068,-0.036
-6.505,-0.07,-0.036
-6.448,-0.072,-0.036
-6.392,-0.074,-0.036
-6.336,-0.076,-0.036
-6.279,-0.078,-0.036
-6.223,-0.08,-0.036
-6.167,-0.082,-0.036
-6.11,-0.084,-0.036
-6.054,-0.086,-0.036
-5.998,-0.088,-0.036
-5.941,-0.09,-0.036
-5.885,-0.092,-0.036
-5.829,-0.094,-0.036
-5.772,-0.094,-0.017
-5.716,-0.092,-0.008
-5.66,-0.093,-0.008
-5.603,-0.093,-0.008
-5.547,-0.094,-0.008
-5.49,-0.094,-0.008
-5.434,-0.095,-0.008
-5.378,-0.094,-0.004
-5.322,-0.089,0.031
-5.266,-0.082,0.054
-5.209,-0.079,0.055
-5.153,-0.076,0.055
-5.097,-0.072,0.055
-5.041,-0.069,0.055
-4.984,-0.066,0.055
-4.928,-0.063,0.055
-4.872,-0.06,0.055
-4.815,-0.057,0.055
-4.759,-0.054,0.055
-4.703,-0.051,0.055
-4.647,-0.048,0.055
-4.59,-0.045,0.055
-4.534,-0.042,0.055
-4.478,-0.038,0.055
-4.421,-0.035,0.055
-4.365,-0.032,0.055
-4.309,-0.029,0.055
-4.253,-0.026,0.055
-4.196,-0.023,0.055
-4.14,-0.02,0.055
-4.084,-0.017,0.055
-4.027,-0.014,0.055
-3.971,-0.011,0.055
-3.915,-0.008,0.055
-3.859,-0.005,0.055
-3.802,-0.001,0.055
-3.746,0.001,0.048
-3.69,-0.003,0.008
-3.634,-0.009,-0.021
-3.577,-0.011,-0.023
-3.521,-0.012,-0.023
-3.465,-0.014,-0.023
-3.408,-0.015,-0.023
-3.352,-0.016,-0.023
-3.296,-0.017,-0.023
-3.239,-0.019,-0.023
-3.183,-0.02,-0.023
-3.127,-0.021,-0.023
-3.07,-0.023,-0.023
-3.014,-0.024,-0.023
-2.958,-0.024,-0.016
-2.902,-0.018,0.025
-2.846,-0.011,0.053
-2.789,-0.007,0.055
-2.733,-0.004,0.055
-2.677,-0.001,0.055
-2.621,0.002,0.055
-2.564,0.005,0.055
-2.508,0.008,0.055
-2.452,0.011,0.055
-2.395,0.015,0.055
-2.339,0.014,0.034
-2.283,0.008,-0.009
-2.227,0.005,-0.023
-2.171,0.003,-0.023
-2.114,0.002,-0.023
-2.058,0.001,-0.023
-2.001,-0.001,-0.023
-1.945,-0.002,-0.023
-1.889,-0.003,-0.023
-1.832,-0.005,-0.023
-1.776,-0.006,-0.023
-1.72,-0.007,-0.023
-1.663,-0.008,-0.023
-1.607,-0.01,-0.023
-1.551,-0.011,-0.023
-1.494,-0.012,-0.023
-1.438,-0.014,-0.023
-1.382,-0.015,-0.023
-1.325,-0.016,-0.023
-1.269,-0.017,-0.023
-1.213,-0.019,-0.023
-1.156,-0.02,-0.023
-1.1,-0.021,-0.023
-1.043,-0.023,-0.023
-0.993,-0.024,-0.023
-0.943,-0.025,-0.023
-0.892,-0.026,-0.023
-0.84,-0.027,-0.023
-0.788,-0.028,-0.023
-0.736,-0.03,-0.023
-0.685,-0.031,-0.023
-0.635,-0.032,-0.023
-0.585,-0.033,-0.023
-0.534,-0.034,-0.023
-0.481,-0.035,-0.023
0.0,0.0,0.0